{"schemaVersion":"1.0","appDefinitionTemplate":{"id":"/providers/Microsoft.PowerApps/apps/","type":"Microsoft.PowerApps/apps","tags":{"primaryDeviceWidth":"1366","primaryDeviceHeight":"768","sienaVersion":"20200313T184334Z-3.20022.19.0","deviceCapabilities":"","supportsPortrait":"false","supportsLandscape":"true","primaryFormFactor":"Tablet","publisherVersion":"3.20022.19","minimumRequiredApiVersion":"2.2.0","hasComponent":"false","hasUnlockedComponent":"false"},"properties":{"appVersion":"2020-03-13T18:43:34Z","lifeCycleId":"Published","createdByClientVersion":{"major":3,"minor":20022,"build":19,"revision":0,"majorRevision":0,"minorRevision":0},"minClientVersion":{"major":3,"minor":20022,"build":19,"revision":0,"majorRevision":0,"minorRevision":0},"backgroundColor":"rgba(0, 176, 240, 1)","backgroundImageUri":"/647634384523636169/Nb2db7aa9-ea6d-48fd-b443-392bee93ea20-logoSmallFile","displayName":"Offline Test","description":"","commitMessage":"","appUris":{"documentUri":{"value":"/647634384523636169/Nb172fbdc-3c59-430c-a7e7-d71b14c37524-document.msapp","readonlyValue":"/647634384523636169/Nb172fbdc-3c59-430c-a7e7-d71b14c37524-document.msapp"},"imageUris":[]},"createdTime":"0001-01-01T00:00:00Z","lastModifiedTime":"0001-01-01T00:00:00Z","sharedGroupsCount":0,"sharedUsersCount":0,"icons":{"smallIconUri":"/647634384523636169/N03c7fc94-78ff-4912-b955-8560c0b9304e-small.png","mediumIconUri":"/647634384523636169/N6d426b59-4aa1-4621-a64a-2dc6ab3a25f9-medium.png","largeIconUri":"/647634384523636169/N59d42929-555d-41ee-9f72-f580de576ae9-large.png","wideIconUri":"/647634384523636169/N707e3ff4-bc46-4b94-ba01-9304349beac9-wide.png"},"connectionReferences":{},"databaseReferences":{"default.cds":{"databaseDetails":{"referenceType":"Environmental","environmentName":"default.cds"},"dataSources":{"Accounts":{"entitySetName":"accounts","logicalName":"account"},"Contacts":{"entitySetName":"contacts","logicalName":"contact"}}}},"almMode":"Environment","performanceOptimizationEnabled":false,"canConsumeAppPass":true},"isAppComponentLibrary":false,"appComponents":[]}}